Asignatura,Competencia_ID
Fundamentos de Negocios Digitales,Competencia 1.1
Fundamentos de Negocios Digitales,Competencia 1.2
Fundamentos de Negocios Digitales,Competencia 1.3
Fundamentos de Negocios Digitales,Competencia 5.1
Fundamentos de Negocios Digitales,Competencia 5.2
Visualización de Datos de Negocios,Competencia 2.1
Visualización de Datos de Negocios,Competencia 3.1
Visualización de Datos de Negocios,Competencia 5.2
Programación para Analítica,Competencia 2.1
Programación para Analítica,Competencia 3.1
Bases de Datos para Negocios Digitales,Competencia 2.1
Bases de Datos para Negocios Digitales,Competencia 2.3
Bases de Datos para Negocios Digitales,Competencia 4.2
Análisis y Gestión Digital de Estados Financieros,Competencia 2.1
Análisis y Gestión Digital de Estados Financieros,Competencia 2.2
Análisis y Gestión Digital de Estados Financieros,Competencia 3.1
Análisis y Gestión Digital de Estados Financieros,Competencia 4.2
Análisis y Gestión Digital de Estados Financieros,Competencia 5.3
"Modelos de Analítica Descriptiva, Predictiva y Prescriptiva",Competencia 2.1
"Modelos de Analítica Descriptiva, Predictiva y Prescriptiva",Competencia 2.2
"Modelos de Analítica Descriptiva, Predictiva y Prescriptiva",Competencia 3.3
"Modelos de Analítica Descriptiva, Predictiva y Prescriptiva",Competencia 4.1
"Modelos de Analítica Descriptiva, Predictiva y Prescriptiva",Competencia 4.2
Inteligencia de Negocios Digitales,Competencia 1.2
Inteligencia de Negocios Digitales,Competencia 2.1
Inteligencia de Negocios Digitales,Competencia 2.2
Inteligencia de Negocios Digitales,Competencia 2.3
Inteligencia de Negocios Digitales,Competencia 3.1
Inteligencia de Negocios Digitales,Competencia 3.2
Retos de Hallazgos,Competencia 2.1
Retos de Hallazgos,Competencia 2.2
Retos de Hallazgos,Competencia 3.2
Retos de Hallazgos,Competencia 5.2
Big Data Aplicada a los Negocios,Competencia 1.2
Big Data Aplicada a los Negocios,Competencia 1.3
Big Data Aplicada a los Negocios,Competencia 2.1
Big Data Aplicada a los Negocios,Competencia 2.2
Big Data Aplicada a los Negocios,Competencia 3.2
Big Data Aplicada a los Negocios,Competencia 5.1
Big Data Aplicada a los Negocios,Competencia 5.3
Analítica del Comercio Electrónico,Competencia 1.2
Analítica del Comercio Electrónico,Competencia 2.1
Analítica del Comercio Electrónico,Competencia 2.2
Analítica del Comercio Electrónico,Competencia 2.3
Analítica del Comercio Electrónico,Competencia 3.1
Analítica del Comercio Electrónico,Competencia 3.2
Analítica del Comercio Electrónico,Competencia 3.3
Analítica del Comercio Electrónico,Competencia 4.2
Datos Geolocalizados para los Negocios,Competencia 2.1
Datos Geolocalizados para los Negocios,Competencia 2.2
Datos Geolocalizados para los Negocios,Competencia 3.2
Datos Geolocalizados para los Negocios,Competencia 3.3
Datos Geolocalizados para los Negocios,Competencia 4.1
Datos Geolocalizados para los Negocios,Competencia 5.3
Emprendimiento en la Era Digital,Competencia 1.1
Emprendimiento en la Era Digital,Competencia 1.2
Emprendimiento en la Era Digital,Competencia 1.3
Emprendimiento en la Era Digital,Competencia 3.1
Emprendimiento en la Era Digital,Competencia 4.3
Negocios Digitales y Servicios en la Nube,Competencia 1.1
Negocios Digitales y Servicios en la Nube,Competencia 1.2
Negocios Digitales y Servicios en la Nube,Competencia 1.3
Negocios Digitales y Servicios en la Nube,Competencia 4.3
Negocios Digitales y Servicios en la Nube,Competencia 5.1
Negocios Digitales y Servicios en la Nube,Competencia 5.3
Automatización de Procesos,Competencia 2.1
Automatización de Procesos,Competencia 2.2
Automatización de Procesos,Competencia 3.2
Automatización de Procesos,Competencia 5.1
Analítica de Cadenas de Suministro,Competencia 3.2
Analítica de Cadenas de Suministro,Competencia 3.3
Analítica de Cadenas de Suministro,Competencia 4.3
Analítica de Cadenas de Suministro,Competencia 5.1
Analítica de Cadenas de Suministro,Competencia 5.3
Analítica de Consumo Masivo,Competencia 1.3
Analítica de Consumo Masivo,Competencia 2.1
Analítica de Consumo Masivo,Competencia 2.2
Analítica de Consumo Masivo,Competencia 3.1
Analítica de Consumo Masivo,Competencia 3.2
Analítica de Consumo Masivo,Competencia 5.1
Gerencia Estratégica de Datos e Información,Competencia 1.2
Gerencia Estratégica de Datos e Información,Competencia 2.2
Gerencia Estratégica de Datos e Información,Competencia 2.3
Gerencia Estratégica de Datos e Información,Competencia 3.2
Gerencia Estratégica de Datos e Información,Competencia 4.2
Gerencia Estratégica de Datos e Información,Competencia 5.2
Gerencia Estratégica de Datos e Información,Competencia 5.3
Analítica para la Innovación Empresarial,Competencia 1.2
Analítica para la Innovación Empresarial,Competencia 1.3
Analítica para la Innovación Empresarial,Competencia 2.1
Analítica para la Innovación Empresarial,Competencia 2.2
Analítica para la Innovación Empresarial,Competencia 3.1
Analítica para la Innovación Empresarial,Competencia 3.2
Analítica para la Innovación Empresarial,Competencia 5.1
Analítica para la Innovación Empresarial,Competencia 5.3
Pruebas A-B y Experimentación Digital,Competencia 2.2
Pruebas A-B y Experimentación Digital,Competencia 3.1
Pruebas A-B y Experimentación Digital,Competencia 5.2
Proyecto Integrador y Evaluación Externa,Competencia 2.2
Proyecto Integrador y Evaluación Externa,Competencia 3.2
Proyecto Integrador y Evaluación Externa,Competencia 3.3
Proyecto Integrador y Evaluación Externa,Competencia 4.3
Proyecto Integrador y Evaluación Externa,Competencia 5.1
Proyecto Integrador y Evaluación Externa,Competencia 5.2
Desarrollo de Canales de Distribución y Venta Digital,Competencia 1.1
Desarrollo de Canales de Distribución y Venta Digital,Competencia 1.2
Desarrollo de Canales de Distribución y Venta Digital,Competencia 3.1
Desarrollo de Canales de Distribución y Venta Digital,Competencia 3.2
"Gobierno de Datos, Privacidad y Seguridad",Competencia 2.3
"Gobierno de Datos, Privacidad y Seguridad",Competencia 3.3
"Gobierno de Datos, Privacidad y Seguridad",Competencia 4.2
Ética en Analítica y Negocios Digitales,Competencia 3.3
Ética en Analítica y Negocios Digitales,Competencia 4.1
Ética en Analítica y Negocios Digitales,Competencia 4.3
Analítica de Redes Sociales y Teoría de Grafos,Competencia 2.1
Analítica de Redes Sociales y Teoría de Grafos,Competencia 2.2
Aprendizaje Automático Aplicado a Finanzas,Competencia 2.1
Aprendizaje Automático Aplicado a Finanzas,Competencia 5.3
Optimización y Eficiencia de la IA,Competencia 2.1
Optimización y Eficiencia de la IA,Competencia 3.2
Sistemas de Gestión de Datos,Competencia 2.1
Sistemas de Gestión de Datos,Competencia 2.3
Laboratorio de Analítica,Competencia 2.1
Laboratorio de Analítica,Competencia 2.2
Solución Avanzada de Problemas de Analítica,Competencia 2.2
Solución Avanzada de Problemas de Analítica,Competencia 3.2
Ciudadanía Mundial y Medio Ambiente,Competencia 4.3
Ciudadanía Mundial y Medio Ambiente,Competencia 5.1
La Persona en su Entorno Socioambiental,Competencia 4.3
Construcción de Democracia y Sostenibilidad,Competencia 4.3
Taller de Formación y Acción Social,Competencia 4.3
Inmersión Social / Reto de Hallazgos,Competencia 4.3
