Asignatura,Funciones,Competencia_ID,Semestre
Taller de Integración Universitaria,Ejerce liderazgo humanista en la transformación digital,Competencia 4.2,1
Taller de Escritura Académica,Ejerce liderazgo humanista en la transformación digital,Competencia 4.3,1
Taller de Escritura Académica,Ejerce liderazgo humanista en la transformación digital,Competencia 4.2,1
Fundamentos de Negocios Digitales,Propone modelos de negocio y emprendimiento,Competencia 1.1,1
Fundamentos de Negocios Digitales,Propone modelos de negocio y emprendimiento,Competencia 1.2,1
Fundamentos de Negocios Digitales,Propone modelos de negocio y emprendimiento,Competencia 1.3,1
Fundamentos de Negocios Digitales,Formula recomendaciones y planes para la transformación digital y asegurar su sostenibilidad,Competencia 5.1,1
Fundamentos de Negocios Digitales,Formula recomendaciones y planes para la transformación digital y asegurar su sostenibilidad,Competencia 5.2,1
Visualización de Datos de Negocios,Analiza volúmenes masivos de datos para generar conocimiento util,Competencia 2.1,1
Visualización de Datos de Negocios,Diseña propuestas y estrategias para apoyar la toma de decisiones,Competencia 3.1,1
Visualización de Datos de Negocios,Formula recomendaciones y planes para la transformación digital y asegurar su sostenibilidad,Competencia 5.2,1
Matemáticas Financieras,Propone modelos de negocio y emprendimiento,Competencia 1.1,1
Fundamentos en Humanidades Digitales,Formula recomendaciones y planes para la transformación digital y asegurar su sostenibilidad,Competencia 5.1,1
Programación para Analítica,Analiza volúmenes masivos de datos para generar conocimiento util,Competencia 2.1,2
Programación para Analítica,Formula recomendaciones y planes para la transformación digital y asegurar su sostenibilidad,Competencia 5.2,2
Programación para Analítica,Diseña propuestas y estrategias para apoyar la toma de decisiones,Competencia 3.1,2
Bases de Datos para Negocios Digitales,Analiza volúmenes masivos de datos para generar conocimiento util,Competencia 2.1,2
Bases de Datos para Negocios Digitales,Analiza volúmenes masivos de datos para generar conocimiento util,Competencia 2.3,2
Bases de Datos para Negocios Digitales,Ejerce liderazgo humanista en la transformación digital,Competencia 4.2,2
Aplicaciones de analítica de datos,Analiza volúmenes masivos de datos para generar conocimiento util,Competencia 2.1,2
Contabilidad,Propone modelos de negocio y emprendimiento,Competencia 1.1,2
Contabilidad,Diseña propuestas y estrategias para apoyar la toma de decisiones,Competencia 3.2,2
Estadística aplicada a ciencias sociales,Analiza volúmenes masivos de datos para generar conocimiento util,Competencia 2.1,2
Estadística aplicada a ciencias sociales,Analiza volúmenes masivos de datos para generar conocimiento util,Competencia 2.2,2
Análisis y Gestión Digital de Estados Financieros,Analiza volúmenes masivos de datos para generar conocimiento util,Competencia 2.1,3
Análisis y Gestión Digital de Estados Financieros,Analiza volúmenes masivos de datos para generar conocimiento util,Competencia 2.2,3
Análisis y Gestión Digital de Estados Financieros,Diseña propuestas y estrategias para apoyar la toma de decisiones,Competencia 3.1,3
Análisis y Gestión Digital de Estados Financieros,Ejerce liderazgo humanista en la transformación digital,Competencia 4.2,3
Análisis y Gestión Digital de Estados Financieros,Formula recomendaciones y planes para la transformación digital y asegurar su sostenibilidad,Competencia 5.3,3
"Modelos de Analítica Descriptiva, Predictiva y Prescriptiva",Propone modelos de negocio y emprendimiento,Competencia 1.1,3
"Modelos de Analítica Descriptiva, Predictiva y Prescriptiva",Analiza volúmenes masivos de datos para generar conocimiento util,Competencia 2.1,3
"Modelos de Analítica Descriptiva, Predictiva y Prescriptiva",Analiza volúmenes masivos de datos para generar conocimiento util,Competencia 2.2,3
"Modelos de Analítica Descriptiva, Predictiva y Prescriptiva",Diseña propuestas y estrategias para apoyar la toma de decisiones,Competencia 3.3,3
"Modelos de Analítica Descriptiva, Predictiva y Prescriptiva",Ejerce liderazgo humanista en la transformación digital,Competencia 4.1,3
"Modelos de Analítica Descriptiva, Predictiva y Prescriptiva",Ejerce liderazgo humanista en la transformación digital,Competencia 4.2,3
ASE I: Inteligencia de Negocios Digitales,Propone modelos de negocio y emprendimiento,Competencia 1.2,3
ASE I: Inteligencia de Negocios Digitales,Analiza volúmenes masivos de datos para generar conocimiento util,Competencia 2.1,3
ASE I: Inteligencia de Negocios Digitales,Analiza volúmenes masivos de datos para generar conocimiento util,Competencia 2.2,3
ASE I: Inteligencia de Negocios Digitales,Analiza volúmenes masivos de datos para generar conocimiento util,Competencia 2.3,3
ASE I: Inteligencia de Negocios Digitales,Diseña propuestas y estrategias para apoyar la toma de decisiones,Competencia 3.1,3
ASE I: Inteligencia de Negocios Digitales,Diseña propuestas y estrategias para apoyar la toma de decisiones,Competencia 3.2,3
Inmersión Social / Retos de Hallazgos,Propone modelos de negocio y emprendimiento,Competencia 1.1,4
Inmersión Social / Retos de Hallazgos,Analiza volúmenes masivos de datos para generar conocimiento util,Competencia 2.1,4
Inmersión Social / Retos de Hallazgos,Analiza volúmenes masivos de datos para generar conocimiento util,Competencia 2.2,4
Inmersión Social / Retos de Hallazgos,Diseña propuestas y estrategias para apoyar la toma de decisiones,Competencia 3.2,4
Inmersión Social / Retos de Hallazgos,Ejerce liderazgo humanista en la transformación digital,Competencia 4.1,4
Inmersión Social / Retos de Hallazgos,Formula recomendaciones y planes para la transformación digital y asegurar su sostenibilidad,Competencia 5.2,4
Big Data Aplicada a los Negocios,Propone modelos de negocio y emprendimiento,Competencia 1.2,4
Big Data Aplicada a los Negocios,Propone modelos de negocio y emprendimiento,Competencia 1.3,4
Big Data Aplicada a los Negocios,Analiza volúmenes masivos de datos para generar conocimiento util,Competencia 2.1,4
Big Data Aplicada a los Negocios,Analiza volúmenes masivos de datos para generar conocimiento util,Competencia 2.2,4
Big Data Aplicada a los Negocios,Diseña propuestas y estrategias para apoyar la toma de decisiones,Competencia 3.2,4
Big Data Aplicada a los Negocios,Formula recomendaciones y planes para la transformación digital y asegurar su sostenibilidad,Competencia 5.1,4
Big Data Aplicada a los Negocios,Formula recomendaciones y planes para la transformación digital y asegurar su sostenibilidad,Competencia 5.3,4
Analítica del Comercio Electrónico,Propone modelos de negocio y emprendimiento,Competencia 1.2,5
Analítica del Comercio Electrónico,Analiza volúmenes masivos de datos para generar conocimiento util,Competencia 2.1,5
Analítica del Comercio Electrónico,Analiza volúmenes masivos de datos para generar conocimiento util,Competencia 2.2,5
Analítica del Comercio Electrónico,Analiza volúmenes masivos de datos para generar conocimiento util,Competencia 2.3,5
Analítica del Comercio Electrónico,Diseña propuestas y estrategias para apoyar la toma de decisiones,Competencia 3.1,5
Analítica del Comercio Electrónico,Diseña propuestas y estrategias para apoyar la toma de decisiones,Competencia 3.2,5
Analítica del Comercio Electrónico,Diseña propuestas y estrategias para apoyar la toma de decisiones,Competencia 3.3,5
Analítica del Comercio Electrónico,Ejerce liderazgo humanista en la transformación digital,Competencia 4.2,5
Datos Geolocalizados para los Negocios,Analiza volúmenes masivos de datos para generar conocimiento util,Competencia 2.1,5
Datos Geolocalizados para los Negocios,Analiza volúmenes masivos de datos para generar conocimiento util,Competencia 2.2,5
Datos Geolocalizados para los Negocios,Diseña propuestas y estrategias para apoyar la toma de decisiones,Competencia 3.2,5
Datos Geolocalizados para los Negocios,Diseña propuestas y estrategias para apoyar la toma de decisiones,Competencia 3.3,5
Datos Geolocalizados para los Negocios,Ejerce liderazgo humanista en la transformación digital,Competencia 4.1,5
Datos Geolocalizados para los Negocios,Formula recomendaciones y planes para la transformación digital y asegurar su sostenibilidad,Competencia 5.3,5
Emprendimiento en la Era Digital,Propone modelos de negocio y emprendimiento,Competencia 1.1,5
Emprendimiento en la Era Digital,Propone modelos de negocio y emprendimiento,Competencia 1.2,5
Emprendimiento en la Era Digital,Propone modelos de negocio y emprendimiento,Competencia 1.3,5
Emprendimiento en la Era Digital,Diseña propuestas y estrategias para apoyar la toma de decisiones,Competencia 3.1,5
Emprendimiento en la Era Digital,Ejerce liderazgo humanista en la transformación digital,Competencia 4.3,5
Negocios Digitales y Servicios en la Nube,Propone modelos de negocio y emprendimiento,Competencia 1.1,5
Negocios Digitales y Servicios en la Nube,Propone modelos de negocio y emprendimiento,Competencia 1.2,5
Negocios Digitales y Servicios en la Nube,Propone modelos de negocio y emprendimiento,Competencia 1.3,5
Negocios Digitales y Servicios en la Nube,Ejerce liderazgo humanista en la transformación digital,Competencia 4.3,5
Negocios Digitales y Servicios en la Nube,Formula recomendaciones y planes para la transformación digital y asegurar su sostenibilidad,Competencia 5.1,5
Negocios Digitales y Servicios en la Nube,Formula recomendaciones y planes para la transformación digital y asegurar su sostenibilidad,Competencia 5.3,5
Automatización de Procesos,Analiza volúmenes masivos de datos para generar conocimiento util,Competencia 2.1,6
Automatización de Procesos,Analiza volúmenes masivos de datos para generar conocimiento util,Competencia 2.2,6
Automatización de Procesos,Diseña propuestas y estrategias para apoyar la toma de decisiones,Competencia 3.2,6
Automatización de Procesos,Formula recomendaciones y planes para la transformación digital y asegurar su sostenibilidad,Competencia 5.1,6
Analítica de Cadenas de Suministro,Diseña propuestas y estrategias para apoyar la toma de decisiones,Competencia 3.2,6
Analítica de Cadenas de Suministro,Diseña propuestas y estrategias para apoyar la toma de decisiones,Competencia 3.3,6
Analítica de Cadenas de Suministro,Ejerce liderazgo humanista en la transformación digital,Competencia 4.3,6
Analítica de Cadenas de Suministro,Formula recomendaciones y planes para la transformación digital y asegurar su sostenibilidad,Competencia 5.1,6
Analítica de Cadenas de Suministro,Formula recomendaciones y planes para la transformación digital y asegurar su sostenibilidad,Competencia 5.3,6
Analítica de Consumo Masivo,Propone modelos de negocio y emprendimiento,Competencia 1.3,7
Analítica de Consumo Masivo,Analiza volúmenes masivos de datos para generar conocimiento util,Competencia 2.1,7
Analítica de Consumo Masivo,Analiza volúmenes masivos de datos para generar conocimiento util,Competencia 2.2,7
Analítica de Consumo Masivo,Diseña propuestas y estrategias para apoyar la toma de decisiones,Competencia 3.1,7
Analítica de Consumo Masivo,Diseña propuestas y estrategias para apoyar la toma de decisiones,Competencia 3.2,7
Analítica de Consumo Masivo,Formula recomendaciones y planes para la transformación digital y asegurar su sostenibilidad,Competencia 5.1,7
Gerencia Estratégica de Datos e Información,Propone modelos de negocio y emprendimiento,Competencia 1.2,7
Gerencia Estratégica de Datos e Información,Analiza volúmenes masivos de datos para generar conocimiento util,Competencia 2.2,7
Gerencia Estratégica de Datos e Información,Analiza volúmenes masivos de datos para generar conocimiento util,Competencia 2.3,7
Gerencia Estratégica de Datos e Información,Diseña propuestas y estrategias para apoyar la toma de decisiones,Competencia 3.2,7
Gerencia Estratégica de Datos e Información,Ejerce liderazgo humanista en la transformación digital,Competencia 4.2,7
Gerencia Estratégica de Datos e Información,Formula recomendaciones y planes para la transformación digital y asegurar su sostenibilidad,Competencia 5.2,7
Gerencia Estratégica de Datos e Información,Formula recomendaciones y planes para la transformación digital y asegurar su sostenibilidad,Competencia 5.3,7
Analítica para la Innovación Empresarial,Propone modelos de negocio y emprendimiento,Competencia 1.2,8
Analítica para la Innovación Empresarial,Propone modelos de negocio y emprendimiento,Competencia 1.3,8
Analítica para la Innovación Empresarial,Analiza volúmenes masivos de datos para generar conocimiento util,Competencia 2.1,8
Analítica para la Innovación Empresarial,Analiza volúmenes masivos de datos para generar conocimiento util,Competencia 2.2,8
Analítica para la Innovación Empresarial,Diseña propuestas y estrategias para apoyar la toma de decisiones,Competencia 3.1,8
Analítica para la Innovación Empresarial,Diseña propuestas y estrategias para apoyar la toma de decisiones,Competencia 3.2,8
Analítica para la Innovación Empresarial,Formula recomendaciones y planes para la transformación digital y asegurar su sostenibilidad,Competencia 5.1,8
Analítica para la Innovación Empresarial,Formula recomendaciones y planes para la transformación digital y asegurar su sostenibilidad,Competencia 5.3,8
Pruebas A-B y Experimentación Digital,Analiza volúmenes masivos de datos para generar conocimiento util,Competencia 2.2,8
Pruebas A-B y Experimentación Digital,Diseña propuestas y estrategias para apoyar la toma de decisiones,Competencia 3.1,8
Pruebas A-B y Experimentación Digital,Formula recomendaciones y planes para la transformación digital y asegurar su sostenibilidad,Competencia 5.2,8
ASE III: Proyecto Integrador y Evaluación Externa,Analiza volúmenes masivos de datos para generar conocimiento util,Competencia 2.2,8
ASE III: Proyecto Integrador y Evaluación Externa,Diseña propuestas y estrategias para apoyar la toma de decisiones,Competencia 3.2,8
ASE III: Proyecto Integrador y Evaluación Externa,Diseña propuestas y estrategias para apoyar la toma de decisiones,Competencia 3.3,8
ASE III: Proyecto Integrador y Evaluación Externa,Ejerce liderazgo humanista en la transformación digital,Competencia 4.3,8
ASE III: Proyecto Integrador y Evaluación Externa,Formula recomendaciones y planes para la transformación digital y asegurar su sostenibilidad,Competencia 5.1,8
ASE III: Proyecto Integrador y Evaluación Externa,Formula recomendaciones y planes para la transformación digital y asegurar su sostenibilidad,Competencia 5.2,8
Desarrollo de Canales de Distribución y Venta Digital,Propone modelos de negocio y emprendimiento,Competencia 1.1,6
Desarrollo de Canales de Distribución y Venta Digital,Propone modelos de negocio y emprendimiento,Competencia 1.2,6
Desarrollo de Canales de Distribución y Venta Digital,Diseña propuestas y estrategias para apoyar la toma de decisiones,Competencia 3.1,6
Desarrollo de Canales de Distribución y Venta Digital,Diseña propuestas y estrategias para apoyar la toma de decisiones,Competencia 3.2,6
"Gobierno de Datos, Privacidad y Seguridad",Analiza volúmenes masivos de datos para generar conocimiento util,Competencia 2.3,6
"Gobierno de Datos, Privacidad y Seguridad",Diseña propuestas y estrategias para apoyar la toma de decisiones,Competencia 3.3,6
"Gobierno de Datos, Privacidad y Seguridad",Ejerce liderazgo humanista en la transformación digital,Competencia 4.2,6
Ética en Analítica y Negocios Digitales,Diseña propuestas y estrategias para apoyar la toma de decisiones,Competencia 3.3,5
Ética en Analítica y Negocios Digitales,Ejerce liderazgo humanista en la transformación digital,Competencia 4.1,5
Ética en Analítica y Negocios Digitales,Ejerce liderazgo humanista en la transformación digital,Competencia 4.3,5
Analítica de Redes Sociales y Teoría de Grafos,Analiza volúmenes masivos de datos para generar conocimiento util,Competencia 2.1,3
Analítica de Redes Sociales y Teoría de Grafos,Analiza volúmenes masivos de datos para generar conocimiento util,Competencia 1.2,3
Analítica de Redes Sociales y Teoría de Grafos,Diseña propuestas y estrategias para apoyar la toma de decisiones,Competencia 3.1,3
Analítica de Redes Sociales y Teoría de Grafos,Analiza volúmenes masivos de datos para generar conocimiento util,Competencia 2.2,3
Aprendizaje Automático Aplicado a Finanzas,Analiza volúmenes masivos de datos para generar conocimiento util,Competencia 2.1,7
Aprendizaje Automático Aplicado a Finanzas,Formula recomendaciones y planes para la transformación digital y asegurar su sostenibilidad,Competencia 5.3,7
Optimización y Eficiencia de la IA,Analiza volúmenes masivos de datos para generar conocimiento util,Competencia 2.1,3
Optimización y Eficiencia de la IA,Formula recomendaciones y planes para la transformación digital y asegurar su sostenibilidad,Competencia 5.2,3
Optimización y Eficiencia de la IA,Diseña propuestas y estrategias para apoyar la toma de decisiones,Competencia 3.2,3
Sistemas de Gestión de Datos,Analiza volúmenes masivos de datos para generar conocimiento util,Competencia 2.1,4
Sistemas de Gestión de Datos,Analiza volúmenes masivos de datos para generar conocimiento util,Competencia 2.3,4
Sistemas de Gestión de Datos,Formula recomendaciones y planes para la transformación digital y asegurar su sostenibilidad,Competencia 5.1,4
Sistemas de Gestión de Datos,Ejerce liderazgo humanista en la transformación digital,Competencia 4.2,4
Sistemas de Gestión de Datos,Diseña propuestas y estrategias para apoyar la toma de decisiones,Competencia 3.2,4
Laboratorio de Analítica,Analiza volúmenes masivos de datos para generar conocimiento util,Competencia 2.1,4
Laboratorio de Analítica,Analiza volúmenes masivos de datos para generar conocimiento util,Competencia 2.2,4
Laboratorio de Analítica,Diseña propuestas y estrategias para apoyar la toma de decisiones,Competencia 3.2,4
Solución Avanzada de Problemas de Analítica,Analiza volúmenes masivos de datos para generar conocimiento util,Competencia 2.2,7
Solución Avanzada de Problemas de Analítica,Diseña propuestas y estrategias para apoyar la toma de decisiones,Competencia 3.2,7
Ciudadanía Mundial y Medio Ambiente,Ejerce liderazgo humanista en la transformación digital,Competencia 4.3,4
Ciudadanía Mundial y Medio Ambiente,Formula recomendaciones y planes para la transformación digital y asegurar su sostenibilidad,Competencia 5.1,4
La Persona en su Entorno Socioambiental,Ejerce liderazgo humanista en la transformación digital,Competencia 4.3,3
Construcción de Democracia y Sostenibilidad,Ejerce liderazgo humanista en la transformación digital,Competencia 4.3,6
Taller de Formación y Acción Social,Ejerce liderazgo humanista en la transformación digital,Competencia 4.3,7
Inmersión Social / Reto de Hallazgos,Ejerce liderazgo humanista en la transformación digital,Competencia 4.3,4
